Model,n_bits,ROC AUC val,error
xgb, ,0.8903,0.0
svc, ,0.8711,0.0
rf, ,0.84595,0.00024999999999997247
lr, ,0.8557,0.00019999999999997797
knn, ,0.8832,0.0
