Model,n_bits,ROC AUC val,error
xgb, ,0.8852,0.0
svc, ,0.8562,0.00020000000000003348
rf, ,0.8435,0.010799999999999976
lr, ,0.8562,0.0
knn, ,0.8849,0.0
