Model,n_bits,ROC AUC test,error
rf, ,0.8726357142857143,0.020950000000000024
lr, ,0.8670071428571429,0.013550000000000006
knn, ,0.8816230769230771,0.006950000000000012
svc, ,0.8922666666666667,0.016100000000000003
xgb, ,0.8616,0.0
