Model,n_bits,ROC AUC val,error
rf, ,0.8655142857142856,0.006550000000000056
lr, ,0.8697785714285715,0.006400000000000017
knn, ,0.8782769230769231,0.006950000000000012
svc, ,0.8938666666666667,0.010250000000000037
xgb, ,0.8581,0.0
