Model,n_bits,ROC AUC test,error
rf, ,0.8797999999999999,0.08405000000000001
lr, ,0.8358571428571429,0.01859999999999995
knn, ,0.8749785714285714,0.0008500000000000174
svc, ,0.8529,0.00764999999999999
xgb, ,0.8857999999999999,0.01589999999999997
