Model,n_bits,ROC AUC val,error
rf, ,0.87908,0.016700000000000048
lr, ,0.8419499999999999,0.022050000000000014
knn, ,0.8614785714285713,0.006149999999999989
svc, ,0.8470333333333334,0.0027499999999999747
xgb, ,0.8732,0.00919999999999993
