Model,n_bits,ROC AUC val,error
xgb, ,0.6502,0.0
svc, ,0.47085,4.999999999999449e-05
rf, ,0.6533,0.005599999999999994
lr, ,0.5319,0.0005999999999999894
knn, ,0.5423,0.0
