Model,n_bits,ROC AUC val,error
xgb, ,0.7509,0.008700000000000041
svc, ,0.80495,0.0018499999999999628
rf, ,0.74525,0.00924999999999998
lr, ,0.74865,0.04814999999999997
knn, ,0.6232,0.018100000000000005
