Model,n_bits,ROC AUC val,error
rf, ,0.8648199999999999,0.0252
lr, ,0.8522071428571427,0.03259999999999996
knn, ,0.8707571428571429,0.017100000000000004
svc, ,0.8464333333333333,0.000250000000000028
xgb, ,0.8878,0.0
