Model,n_bits,ROC AUC,error
xgb, ,0.8488,0.0
svc, ,0.8728,0.0
rf, ,0.8395,0.015699999999999992
lr, ,0.855,0.00019999999999997797
knn, ,0.8501,0.0
