Model,n_bits,balanced,error
rf, ,0.5,0.0
lr, ,0.56717,0.03237499999999999
knn, ,0.57475,0.0
svc, ,0.53845,0.0
xgb, ,0.68415,0.0
