Model,n_bits,ROC AUC,error
rf, ,0.77898,0.0131
lr, ,0.83676,0.024399999999999977
knn, ,0.551,0.0
svc, ,0.7674,0.0
xgb, ,0.9056,0.0
