Model,n_bits,ROC AUC val,error
rf, ,0.7843,0.023450000000000026
lr, ,0.88986,0.00764999999999999
knn, ,0.7432,0.0
svc, ,0.8604,0.0
xgb, ,0.8451,0.0
