Model,n_bits,ROC AUC test,error
rf, ,0.8680357142857144,0.0024000000000000132
lr, ,0.8288714285714284,0.0008000000000000229
knn, ,0.8585909090909091,0.007400000000000018
svc, ,0.8284666666666666,0.0005500000000000504
xgb, ,0.8377,0.0
