Model,n_bits,ROC AUC val,error
xgb, ,0.83885,0.047050000000000036
svc, ,0.8844,0.02839999999999998
rf, ,0.7593,0.0398
lr, ,0.876116666667,0.020950000000000024
knn, ,0.64828,0.0952
