Model,n_bits,ROC AUC val,error
xgb, ,0.90255,0.026650000000000007
svc, ,0.9583,0.0
rf, ,0.73435,0.06375000000000003
lr, ,0.64155,0.0007499999999999729
knn, ,0.71575,0.06745000000000001
