Model,n_bits,ROC AUC val,error
xgb, ,0.8584,0.017500000000000016
svc, ,0.84765,0.0007500000000000284
rf, ,0.7809,0.0242
lr, ,0.6285,0.0
knn, ,0.6125,0.0
