Model,n_bits,ROC AUC val,error
xgb, ,0.9076,0.00269999999999998
svc, ,0.918,0.00030000000000002247
rf, ,0.89575,0.0006499999999999839
lr, ,0.9133,0.0
knn, ,0.8706,0.0
