Model,n_bits,ROC AUC val,error
xgb, ,0.8606,0.011199999999999988
svc, ,0.83175,0.023349999999999982
rf, ,0.673733333333,0.11809999999999998
lr, ,0.77355,0.06919999999999998
knn, ,0.58018,0.1382
