Model,n_bits,ROC AUC,error
xgb, ,0.9578,0.00770000000000004
svc, ,0.8854,0.0
rf, ,0.8081,0.0024000000000000132
lr, ,0.8365,0.0534
knn, ,0.541,0.0
