Model,n_bits,ROC AUC val,error
xgb, ,0.90815,0.0005499999999999949
svc, ,0.7855,0.0
rf, ,0.77215,0.0013499999999999623
lr, ,0.77155,0.027150000000000007
knn, ,0.6526,0.0
