Model,n_bits,ROC AUC test,error
svc, ,0.8795333333333333,0.0029499999999999527
xgb, ,0.8482,0.0
knn, ,0.8824,0.0
lr, ,0.8217,0.0
rf, ,0.8489,0.0
