Model,n_bits,ROC AUC val,error
svc, ,0.87855,0.0035999999999999366
xgb, ,0.8474,0.0
knn, ,0.8819,0.0
lr, ,0.8386,0.0
rf, ,0.8493,0.0
