Model,n_bits,ROC AUC val,error
svc,256,0.878566666667,0.0035999999999999366
xgb,2048,0.8474,0.0
knn,2048,0.8819,0.0
lr,2048,0.8386,0.0
rf,2048,0.8493,0.0
svc,2048,0.878533333333,0.0035499999999999976
