Model,n_bits,ROC AUC,error
rf, ,0.8226000000000001,0.03815000000000002
lr, ,0.8228,0.0
knn, ,0.5605,0.0
svc, ,0.8228,0.0
xgb, ,0.855,0.0
