Model,n_bits,ROC AUC val,error
rf, ,0.72268,0.024349999999999983
lr, ,0.7774,0.0
knn, ,0.4994,0.0
svc, ,0.7553,0.0
xgb, ,0.7774,0.0
