Model,n_bits,ROC AUC,error
xgb, ,0.5007,0.0
svc, ,0.3848,0.0
rf, ,0.50515,0.052549999999999986
lr, ,0.4117,0.008000000000000007
knn, ,0.6483,0.0
