Model,n_bits,ROC AUC val,error
xgb, ,0.5227,0.0
svc, ,0.5153,0.0
rf, ,0.5598,0.02310000000000001
lr, ,0.4515,0.042899999999999994
knn, ,0.4042,0.0
