Model,n_bits,ROC AUC val,error
xgb, ,0.85835,0.00984999999999997
svc, ,0.771,0.0
rf, ,0.80045,0.008550000000000002
lr, ,0.7394,0.0
knn, ,0.7146,0.0014000000000000123
