Model,n_bits,ROC AUC val,error
xgb, ,0.8601,0.03889999999999999
svc, ,0.84625,0.03384999999999999
rf, ,0.613266666667,0.09060000000000001
lr, ,0.772633333333,0.06765000000000004
knn, ,0.5741,0.13889999999999997
