Model,n_bits,balanced,error
rf, ,0.5,0.0
lr, ,0.5808199999999999,0.015149999999999997
knn, ,0.5744,0.0
svc, ,0.5605,0.0
xgb, ,0.52615,0.0
