Model,n_bits,ROC AUC val,error
rf, ,0.7470600000000001,0.00605
lr, ,0.86954,0.0033500000000000196
knn, ,0.6102,0.0
svc, ,0.856,0.0
xgb, ,0.7918,0.0
