Model,n_bits,ROC AUC val,error
rf, ,0.64054,0.032149999999999956
lr, ,0.7526200000000001,0.00940000000000002
knn, ,0.5249,0.0
svc, ,0.8084,0.0
xgb, ,0.8494,0.0
