Model,n_bits,ROC AUC,error
xgb, ,0.7857,0.0
svc, ,0.6542,0.0
rf, ,0.78935,0.0009500000000000064
lr, ,0.7574,0.0
knn, ,0.5825,0.0
