Model,n_bits,ROC AUC val,error
xgb, ,0.6625,0.0
svc, ,0.5319,0.0
rf, ,0.65205,0.006450000000000011
lr, ,0.5362,0.0
knn, ,0.5428,0.0
