Model,n_bits,ROC AUC val,error
xgb, ,0.91605,0.025349999999999984
svc, ,0.8922,0.0
rf, ,0.83395,0.0018500000000000183
lr, ,0.6615,0.0338
knn, ,0.6728,0.02140000000000003
