Model,n_bits,ROC AUC val,error
xgb, ,0.7828,0.004500000000000004
svc, ,0.9031,0.0
rf, ,0.7129,0.07169999999999999
lr, ,0.7448,0.11809999999999998
knn, ,0.7496,0.0
