Model,n_bits,balanced,error
rf, ,0.50769,0.019224999999999992
lr, ,0.5676,0.03847499999999998
knn, ,0.5444,0.0
svc, ,0.53845,0.0
xgb, ,0.5303,0.0
