Model,n_bits,ROC AUC val,error
rf, ,0.58844,0.03649999999999998
lr, ,0.75266,0.02180000000000004
knn, ,0.5278,0.0
svc, ,0.8124,0.0
xgb, ,0.8212,0.0
