Model,n_bits,ROC AUC,error
xgb, ,0.8355,0.0
svc, ,0.8695,0.0
rf, ,0.83445,0.029349999999999987
lr, ,0.86545,0.000250000000000028
knn, ,0.8814,0.0
