Model,n_bits,ROC AUC val,error
xgb, ,0.8405,0.0
svc, ,0.883,0.0
rf, ,0.82185,0.04494999999999999
lr, ,0.86845,5.0000000000050004e-05
knn, ,0.8845,0.0
