Model,n_bits,ROC AUC val,error
xgb, ,0.6583,0.0
svc, ,0.5448,0.0
rf, ,0.64905,0.06995000000000007
lr, ,0.5313,0.00029999999999996696
knn, ,0.5111,0.0
