Model,n_bits,ROC AUC,error
xgb, ,0.7857,0.0
svc, ,0.57655,4.999999999999449e-05
rf, ,0.72845,0.029449999999999976
lr, ,0.5956,0.0
knn, ,0.447,0.0
