Model,n_bits,ROC AUC val,error
xgb, ,0.6625,0.0
svc, ,0.5609,0.0
rf, ,0.63945,0.014050000000000007
lr, ,0.59295,4.999999999999449e-05
knn, ,0.6764,0.0
