Model,n_bits,ROC AUC val,error
xgb, ,0.9115,0.0
svc, ,0.9082,0.0
rf, ,0.8934,0.0013000000000000234
lr, ,0.90655,4.999999999999449e-05
knn, ,0.8503,0.0
