Model,n_bits,ROC AUC val,error
xgb, ,0.899,0.0008000000000000229
svc, ,0.7956,0.0
rf, ,0.7025,0.01529999999999998
lr, ,0.7797,0.006699999999999984
knn, ,0.63815,0.01905000000000001
