Model,n_bits,ROC AUC val,error
rf,32,0.8649499999999999,0.018750000000000044
lr,32,0.8661666666666666,0.0010000000000000009
knn,32,0.8712,0.004400000000000015
rf,64,0.85055,0.01695000000000002
lr,64,0.8643000000000001,0.00269999999999998
knn,64,0.879,0.0
rf,256,0.8375,0.0
lr,256,0.8798,0.0
knn,256,0.8815,0.0
rf,512,0.8375,0.0
lr,512,0.8819,0.0
knn,512,0.8474,0.0
rf,1024,0.8107,0.0
lr,1024,0.8898,0.0
knn,1024,0.8493,0.0
rf,2048,0.89,0.0
lr,2048,0.8856,0.0
knn,2048,0.8587,0.0
