Model,n_bits,ROC AUC val,error
xgb, ,0.8759,0.019299999999999984
svc, ,0.8529,0.02080000000000004
rf, ,0.73375,0.13615
lr, ,0.88615,0.03554999999999997
knn, ,0.66425,0.06115000000000004
