Model,n_bits,ROC AUC val,error
xgb, ,0.90495,0.007450000000000012
svc, ,0.9108,0.0
rf, ,0.8748,0.01990000000000003
lr, ,0.90225,0.0005500000000000504
knn, ,0.8572,0.0
