Model,n_bits,ROC AUC val,error
xgb, ,0.9122,0.0007999999999999674
svc, ,0.91045,4.999999999999449e-05
rf, ,0.89315,0.00034999999999996145
lr, ,0.9011,0.0015000000000000013
knn, ,0.8631,0.0
