Model,n_bits,ROC AUC val,error
xgb, ,0.85985,0.08245000000000002
svc, ,0.82575,0.07045000000000001
rf, ,0.753516666667,0.10224999999999995
lr, ,0.79655,0.05745
knn, ,0.54054,0.10284999999999997
