Model,n_bits,ROC AUC val,error
xgb, ,0.8007,0.06519999999999998
svc, ,0.9185,0.0
rf, ,0.8009,0.0018999999999999573
lr, ,0.61835,0.00035000000000001696
knn, ,0.7915,0.0
