Model,n_bits,ROC AUC val,error
xgb, ,0.89665,0.05155000000000004
svc, ,0.8753,0.014899999999999969
rf, ,0.798783333333,0.05554999999999999
lr, ,0.894333333333,0.016699999999999993
knn, ,0.753383333333,0.03055000000000002
