Model,n_bits,ROC AUC val,error
xgb, ,0.7196,0.022599999999999953
svc, ,0.7858,0.015300000000000036
rf, ,0.7008,0.020199999999999996
lr, ,0.7562,0.017299999999999982
knn, ,0.6625,0.0
