Model,n_bits,ROC AUC val,error
xgb, ,0.8385,0.0
svc, ,0.8738,0.0
rf, ,0.84725,0.000150000000000039
lr, ,0.86415,0.00014999999999992797
knn, ,0.8695,0.0
