Model,n_bits,ROC AUC,error
xgb, ,0.8337,0.0
svc, ,0.8756,0.0
rf, ,0.8536,0.0011999999999999789
lr, ,0.87485,0.00045000000000000595
knn, ,0.887,0.0
