Model,ROC AUC,ROC AUC val
xgb,0.82908±0.16620,0.82038±0.16950
svc,0.82439±0.13715,0.86918±0.19355
rf,0.77849±0.12020,0.73903±0.12845
lr,0.77223±0.11775,0.71021±0.19420
knn,0.64659±0.12230,0.67728±0.12915
