Model,ROC AUC,ROC AUC val
xgb,0.82386±0.19440,0.78404±0.16845
svc,0.82057±0.17625,0.76584±0.14655
rf,0.75685±0.12965,0.71603±0.13965
lr,0.79265±0.12540,0.74828±0.07915
knn,0.60614±0.12090,0.64342±0.08475
