Model,n_bits,ROC AUC test,error
rf, ,0.8511857142857142,0.04209999999999997
lr, ,0.82695,0.03579999999999994
knn, ,0.8630416666666666,0.032149999999999956
svc, ,0.868,0.003599999999999992
xgb, ,0.8678,0.0
