Model,n_bits,ROC AUC val,error
rf, ,0.862357142857143,0.01605000000000001
lr, ,0.8496571428571428,0.008699999999999986
knn, ,0.8759636363636365,0.006800000000000028
svc, ,0.8580333333333333,0.005800000000000027
xgb, ,0.8559,0.0
