Model,n_bits,ROC AUC val,error
rf, ,0.855292857142857,0.032299999999999995
lr, ,0.8338857142857143,0.03015000000000001
knn, ,0.8591000000000001,0.028299999999999992
svc, ,0.8693333333333334,0.0017000000000000348
xgb, ,0.883,0.0
