Model,n_bits,ROC AUC val,error
rf,32,0.877,0.009150000000000047
lr,32,0.8388,0.0
knn,32,0.8606,0.0
rf,64,0.8778,0.0
lr,64,0.8388,0.0
knn,64,0.8606000000000001,0.0
rf,256,0.8781,0.0
lr,256,0.8388,0.0
knn,256,0.8606,0.0
svc,256,0.8470333333333334,0.0027499999999999747
rf,512,0.8783,0.0
lr,512,0.8388,0.0
knn,512,0.8606,0.0
rf,1024,0.8771,0.0
lr,1024,0.8388,0.0
knn,1024,0.8606,0.0
xgb,2048,0.8732,0.00919999999999993
rf,2048,0.9008,0.0
lr,2048,0.8829,0.0
knn,2048,0.8729,0.0
