Model,n_bits,ROC AUC val,error
xgb, ,0.9122,0.0007999999999999674
svc, ,0.91945,4.999999999999449e-05
rf, ,0.89145,0.0006499999999999839
lr, ,0.9079,0.0
knn, ,0.857,0.0
