Model,n_bits,ROC AUC val,error
xgb, ,0.8731,0.0
svc, ,0.8491,0.0
rf, ,0.87,0.011700000000000044
lr, ,0.83805,0.00045000000000000595
knn, ,0.8622,0.0
