Model,n_bits,ROC AUC test,error
rf, ,0.8517466666666665,0.06709999999999999
lr, ,0.856007142857143,0.04764999999999997
knn, ,0.8600214285714287,0.007249999999999979
svc, ,0.8323,0.0
xgb, ,0.8711,0.0
