Model,n_bits,ROC AUC val,error
xgb, ,0.855,0.08340000000000003
svc, ,0.8144,0.0
rf, ,0.75245,0.06645000000000001
lr, ,0.781,0.04920000000000002
knn, ,0.7218,0.027599999999999958
