Model,n_bits,ROC AUC val,error
xgb, ,0.6588,0.0
svc, ,0.4582,9.999999999998899e-05
rf, ,0.664,0.0010000000000000564
lr, ,0.50445,0.006250000000000033
knn, ,0.5154,0.0
