Model,n_bits,ROC AUC val,error
xgb, ,0.8964,0.0
svc, ,0.8816,0.0
rf, ,0.87405,0.007650000000000046
lr, ,0.8795,0.0
knn, ,0.83205,0.0036499999999999866
