Model,n_bits,ROC AUC,error
xgb, ,0.924,0.0
svc, ,0.8471,0.0
rf, ,0.89615,0.007550000000000001
lr, ,0.8515,0.0
knn, ,0.87375,0.011149999999999993
