Model,n_bits,ROC AUC val,error
xgb, ,0.691,0.0
svc, ,0.7922,0.0
rf, ,0.6551,0.04259999999999997
lr, ,0.78385,0.011450000000000016
knn, ,0.6598,0.0
