Model,n_bits,ROC AUC,error
xgb, ,0.7266,0.0
svc, ,0.8255,0.0
rf, ,0.73765,0.012350000000000028
lr, ,0.80425,0.03905000000000003
knn, ,0.6904,0.0
